razon_social,cuit,email_contacto,telefono_contacto,direccion,fecha_alta
Empresa Test 001 SA,30-60000001-7,contacto001@test.local,1140000001,Calle Ficticia 7 CABA,2023-01-02
Empresa Test 002 SA,30-60000002-4,contacto002@test.local,1140000002,Calle Ficticia 14 CABA,2023-01-03
Empresa Test 003 SA,30-60000003-1,contacto003@test.local,1140000003,Calle Ficticia 21 CABA,2023-01-04
Empresa Test 004 SA,30-60000004-8,contacto004@test.local,1140000004,Calle Ficticia 28 CABA,2023-01-05
Empresa Test 005 SA,30-60000005-5,contacto005@test.local,1140000005,Calle Ficticia 35 CABA,2023-01-06
Empresa Test 006 SA,30-60000006-2,contacto006@test.local,1140000006,Calle Ficticia 42 CABA,2023-01-07
Empresa Test 007 SA,30-60000007-9,contacto007@test.local,1140000007,Calle Ficticia 49 CABA,2023-01-08
Empresa Test 008 SA,30-60000008-6,contacto008@test.local,1140000008,Calle Ficticia 56 CABA,2023-01-09
Empresa Test 009 SA,30-60000009-3,contacto009@test.local,1140000009,Calle Ficticia 63 CABA,2023-01-10
Empresa Test 010 SA,30-60000010-0,contacto010@test.local,1140000010,Calle Ficticia 70 CABA,2023-01-11
Empresa Test 011 SA,30-60000011-7,contacto011@test.local,1140000011,Calle Ficticia 77 CABA,2023-01-12
Empresa Test 012 SA,30-60000012-4,contacto012@test.local,1140000012,Calle Ficticia 84 CABA,2023-01-13
Empresa Test 013 SA,30-60000013-1,contacto013@test.local,1140000013,Calle Ficticia 91 CABA,2023-01-14
Empresa Test 014 SA,30-60000014-8,contacto014@test.local,1140000014,Calle Ficticia 98 CABA,2023-01-15
Empresa Test 015 SA,30-60000015-5,contacto015@test.local,1140000015,Calle Ficticia 105 CABA,2023-01-16
Empresa Test 016 SA,30-60000016-2,contacto016@test.local,1140000016,Calle Ficticia 112 CABA,2023-01-17
Empresa Test 017 SA,30-60000017-9,contacto017@test.local,1140000017,Calle Ficticia 119 CABA,2023-01-18
Empresa Test 018 SA,30-60000018-6,contacto018@test.local,1140000018,Calle Ficticia 126 CABA,2023-01-19
Empresa Test 019 SA,30-60000019-3,contacto019@test.local,1140000019,Calle Ficticia 133 CABA,2023-01-20
Empresa Test 020 SA,30-60000020-0,contacto020@test.local,1140000020,Calle Ficticia 140 CABA,2023-01-21
Empresa Test 021 SA,30-60000021-7,contacto021@test.local,1140000021,Calle Ficticia 147 CABA,2023-01-22
Empresa Test 022 SA,30-60000022-4,contacto022@test.local,1140000022,Calle Ficticia 154 CABA,2023-01-23
Empresa Test 023 SA,30-60000023-1,contacto023@test.local,1140000023,Calle Ficticia 161 CABA,2023-01-24
Empresa Test 024 SA,30-60000024-8,contacto024@test.local,1140000024,Calle Ficticia 168 CABA,2023-01-25
Empresa Test 025 SA,30-60000025-5,contacto025@test.local,1140000025,Calle Ficticia 175 CABA,2023-01-26
Empresa Test 026 SA,30-60000026-2,contacto026@test.local,1140000026,Calle Ficticia 182 CABA,2023-01-27
Empresa Test 027 SA,30-60000027-9,contacto027@test.local,1140000027,Calle Ficticia 189 CABA,2023-01-28
Empresa Test 028 SA,30-60000028-6,contacto028@test.local,1140000028,Calle Ficticia 196 CABA,2023-01-29
Empresa Test 029 SA,30-60000029-3,contacto029@test.local,1140000029,Calle Ficticia 203 CABA,2023-01-30
Empresa Test 030 SA,30-60000030-0,contacto030@test.local,1140000030,Calle Ficticia 210 CABA,2023-01-31
Empresa Test 031 SA,30-60000031-7,contacto031@test.local,1140000031,Calle Ficticia 217 CABA,2023-02-01
Empresa Test 032 SA,30-60000032-4,contacto032@test.local,1140000032,Calle Ficticia 224 CABA,2023-02-02
Empresa Test 033 SA,30-60000033-1,contacto033@test.local,1140000033,Calle Ficticia 231 CABA,2023-02-03
Empresa Test 034 SA,30-60000034-8,contacto034@test.local,1140000034,Calle Ficticia 238 CABA,2023-02-04
Empresa Test 035 SA,30-60000035-5,contacto035@test.local,1140000035,Calle Ficticia 245 CABA,2023-02-05
Empresa Test 036 SA,30-60000036-2,contacto036@test.local,1140000036,Calle Ficticia 252 CABA,2023-02-06
Empresa Test 037 SA,30-60000037-9,contacto037@test.local,1140000037,Calle Ficticia 259 CABA,2023-02-07
Empresa Test 038 SA,30-60000038-6,contacto038@test.local,1140000038,Calle Ficticia 266 CABA,2023-02-08
Empresa Test 039 SA,30-60000039-3,contacto039@test.local,1140000039,Calle Ficticia 273 CABA,2023-02-09
Empresa Test 040 SA,30-60000040-0,contacto040@test.local,1140000040,Calle Ficticia 280 CABA,2023-02-10
Empresa Test 041 SA,30-60000041-7,contacto041@test.local,1140000041,Calle Ficticia 287 CABA,2023-02-11
Empresa Test 042 SA,30-60000042-4,contacto042@test.local,1140000042,Calle Ficticia 294 CABA,2023-02-12
Empresa Test 043 SA,30-60000043-1,contacto043@test.local,1140000043,Calle Ficticia 301 CABA,2023-02-13
Empresa Test 044 SA,30-60000044-8,contacto044@test.local,1140000044,Calle Ficticia 308 CABA,2023-02-14
Empresa Test 045 SA,30-60000045-5,contacto045@test.local,1140000045,Calle Ficticia 315 CABA,2023-02-15
Empresa Test 046 SA,30-60000046-2,contacto046@test.local,1140000046,Calle Ficticia 322 CABA,2023-02-16
Empresa Test 047 SA,30-60000047-9,contacto047@test.local,1140000047,Calle Ficticia 329 CABA,2023-02-17
Empresa Test 048 SA,30-60000048-6,contacto048@test.local,1140000048,Calle Ficticia 336 CABA,2023-02-18
Empresa Test 049 SA,30-60000049-3,contacto049@test.local,1140000049,Calle Ficticia 343 CABA,2023-02-19
Empresa Test 050 SA,30-60000050-0,contacto050@test.local,1140000050,Calle Ficticia 350 CABA,2023-02-20
Empresa Test 051 SA,30-60000051-7,contacto051@test.local,1140000051,Calle Ficticia 357 CABA,2023-02-21
Empresa Test 052 SA,30-60000052-4,contacto052@test.local,1140000052,Calle Ficticia 364 CABA,2023-02-22
Empresa Test 053 SA,30-60000053-1,contacto053@test.local,1140000053,Calle Ficticia 371 CABA,2023-02-23
Empresa Test 054 SA,30-60000054-8,contacto054@test.local,1140000054,Calle Ficticia 378 CABA,2023-02-24
Empresa Test 055 SA,30-60000055-5,contacto055@test.local,1140000055,Calle Ficticia 385 CABA,2023-02-25
Empresa Test 056 SA,30-60000056-2,contacto056@test.local,1140000056,Calle Ficticia 392 CABA,2023-02-26
Empresa Test 057 SA,30-60000057-9,contacto057@test.local,1140000057,Calle Ficticia 399 CABA,2023-02-27
Empresa Test 058 SA,30-60000058-6,contacto058@test.local,1140000058,Calle Ficticia 406 CABA,2023-02-28
Empresa Test 059 SA,30-60000059-3,contacto059@test.local,1140000059,Calle Ficticia 413 CABA,2023-03-01
Empresa Test 060 SA,30-60000060-0,contacto060@test.local,1140000060,Calle Ficticia 420 CABA,2023-03-02
Empresa Test 061 SA,30-60000061-7,contacto061@test.local,1140000061,Calle Ficticia 427 CABA,2023-03-03
Empresa Test 062 SA,30-60000062-4,contacto062@test.local,1140000062,Calle Ficticia 434 CABA,2023-03-04
Empresa Test 063 SA,30-60000063-1,contacto063@test.local,1140000063,Calle Ficticia 441 CABA,2023-03-05
Empresa Test 064 SA,30-60000064-8,contacto064@test.local,1140000064,Calle Ficticia 448 CABA,2023-03-06
Empresa Test 065 SA,30-60000065-5,contacto065@test.local,1140000065,Calle Ficticia 455 CABA,2023-03-07
Empresa Test 066 SA,30-60000066-2,contacto066@test.local,1140000066,Calle Ficticia 462 CABA,2023-03-08
Empresa Test 067 SA,30-60000067-9,contacto067@test.local,1140000067,Calle Ficticia 469 CABA,2023-03-09
Empresa Test 068 SA,30-60000068-6,contacto068@test.local,1140000068,Calle Ficticia 476 CABA,2023-03-10
Empresa Test 069 SA,30-60000069-3,contacto069@test.local,1140000069,Calle Ficticia 483 CABA,2023-03-11
Empresa Test 070 SA,30-60000070-0,contacto070@test.local,1140000070,Calle Ficticia 490 CABA,2023-03-12
Empresa Test 071 SA,30-60000071-7,contacto071@test.local,1140000071,Calle Ficticia 497 CABA,2023-03-13
Empresa Test 072 SA,30-60000072-4,contacto072@test.local,1140000072,Calle Ficticia 504 CABA,2023-03-14
Empresa Test 073 SA,30-60000073-1,contacto073@test.local,1140000073,Calle Ficticia 511 CABA,2023-03-15
Empresa Test 074 SA,30-60000074-8,contacto074@test.local,1140000074,Calle Ficticia 518 CABA,2023-03-16
Empresa Test 075 SA,30-60000075-5,contacto075@test.local,1140000075,Calle Ficticia 525 CABA,2023-03-17
Empresa Test 076 SA,30-60000076-2,contacto076@test.local,1140000076,Calle Ficticia 532 CABA,2023-03-18
Empresa Test 077 SA,30-60000077-9,contacto077@test.local,1140000077,Calle Ficticia 539 CABA,2023-03-19
Empresa Test 078 SA,30-60000078-6,contacto078@test.local,1140000078,Calle Ficticia 546 CABA,2023-03-20
Empresa Test 079 SA,30-60000079-3,contacto079@test.local,1140000079,Calle Ficticia 553 CABA,2023-03-21
Empresa Test 080 SA,30-60000080-0,contacto080@test.local,1140000080,Calle Ficticia 560 CABA,2023-03-22
Empresa Test 081 SA,30-60000081-7,contacto081@test.local,1140000081,Calle Ficticia 567 CABA,2023-03-23
Empresa Test 082 SA,30-60000082-4,contacto082@test.local,1140000082,Calle Ficticia 574 CABA,2023-03-24
Empresa Test 083 SA,30-60000083-1,contacto083@test.local,1140000083,Calle Ficticia 581 CABA,2023-03-25
Empresa Test 084 SA,30-60000084-8,contacto084@test.local,1140000084,Calle Ficticia 588 CABA,2023-03-26
Empresa Test 085 SA,30-60000085-5,contacto085@test.local,1140000085,Calle Ficticia 595 CABA,2023-03-27
Empresa Test 086 SA,30-60000086-2,contacto086@test.local,1140000086,Calle Ficticia 602 CABA,2023-03-28
Empresa Test 087 SA,30-60000087-9,contacto087@test.local,1140000087,Calle Ficticia 609 CABA,2023-03-29
Empresa Test 088 SA,30-60000088-6,contacto088@test.local,1140000088,Calle Ficticia 616 CABA,2023-03-30
Empresa Test 089 SA,30-60000089-3,contacto089@test.local,1140000089,Calle Ficticia 623 CABA,2023-03-31
Empresa Test 090 SA,30-60000090-0,contacto090@test.local,1140000090,Calle Ficticia 630 CABA,2023-04-01
Empresa Test 091 SA,30-60000091-7,contacto091@test.local,1140000091,Calle Ficticia 637 CABA,2023-04-02
Empresa Test 092 SA,30-60000092-4,contacto092@test.local,1140000092,Calle Ficticia 644 CABA,2023-04-03
Empresa Test 093 SA,30-60000093-1,contacto093@test.local,1140000093,Calle Ficticia 651 CABA,2023-04-04
Empresa Test 094 SA,30-60000094-8,contacto094@test.local,1140000094,Calle Ficticia 658 CABA,2023-04-05
Empresa Test 095 SA,30-60000095-5,contacto095@test.local,1140000095,Calle Ficticia 665 CABA,2023-04-06
Empresa Test 096 SA,30-60000096-2,contacto096@test.local,1140000096,Calle Ficticia 672 CABA,2023-04-07
Empresa Test 097 SA,30-60000097-9,contacto097@test.local,1140000097,Calle Ficticia 679 CABA,2023-04-08
Empresa Test 098 SA,30-60000098-6,contacto098@test.local,1140000098,Calle Ficticia 686 CABA,2023-04-09
Empresa Test 099 SA,30-60000099-3,contacto099@test.local,1140000099,Calle Ficticia 693 CABA,2023-04-10
Empresa Test 100 SA,30-60000100-0,contacto100@test.local,1140000100,Calle Ficticia 700 CABA,2023-04-11
Empresa Test 101 SA,30-60000101-7,contacto101@test.local,1140000101,Calle Ficticia 707 CABA,2023-04-12
Empresa Test 102 SA,30-60000102-4,contacto102@test.local,1140000102,Calle Ficticia 714 CABA,2023-04-13
Empresa Test 103 SA,30-60000103-1,contacto103@test.local,1140000103,Calle Ficticia 721 CABA,2023-04-14
Empresa Test 104 SA,30-60000104-8,contacto104@test.local,1140000104,Calle Ficticia 728 CABA,2023-04-15
Empresa Test 105 SA,30-60000105-5,contacto105@test.local,1140000105,Calle Ficticia 735 CABA,2023-04-16
Empresa Test 106 SA,30-60000106-2,contacto106@test.local,1140000106,Calle Ficticia 742 CABA,2023-04-17
Empresa Test 107 SA,30-60000107-9,contacto107@test.local,1140000107,Calle Ficticia 749 CABA,2023-04-18
Empresa Test 108 SA,30-60000108-6,contacto108@test.local,1140000108,Calle Ficticia 756 CABA,2023-04-19
Empresa Test 109 SA,30-60000109-3,contacto109@test.local,1140000109,Calle Ficticia 763 CABA,2023-04-20
Empresa Test 110 SA,30-60000110-0,contacto110@test.local,1140000110,Calle Ficticia 770 CABA,2023-04-21
Empresa Test 111 SA,30-60000111-7,contacto111@test.local,1140000111,Calle Ficticia 777 CABA,2023-04-22
Empresa Test 112 SA,30-60000112-4,contacto112@test.local,1140000112,Calle Ficticia 784 CABA,2023-04-23
Empresa Test 113 SA,30-60000113-1,contacto113@test.local,1140000113,Calle Ficticia 791 CABA,2023-04-24
Empresa Test 114 SA,30-60000114-8,contacto114@test.local,1140000114,Calle Ficticia 798 CABA,2023-04-25
Empresa Test 115 SA,30-60000115-5,contacto115@test.local,1140000115,Calle Ficticia 805 CABA,2023-04-26
Empresa Test 116 SA,30-60000116-2,contacto116@test.local,1140000116,Calle Ficticia 812 CABA,2023-04-27
Empresa Test 117 SA,30-60000117-9,contacto117@test.local,1140000117,Calle Ficticia 819 CABA,2023-04-28
Empresa Test 118 SA,30-60000118-6,contacto118@test.local,1140000118,Calle Ficticia 826 CABA,2023-04-29
Empresa Test 119 SA,30-60000119-3,contacto119@test.local,1140000119,Calle Ficticia 833 CABA,2023-04-30
Empresa Test 120 SA,30-60000120-0,contacto120@test.local,1140000120,Calle Ficticia 840 CABA,2023-05-01
Empresa Test 121 SA,30-60000121-7,contacto121@test.local,1140000121,Calle Ficticia 847 CABA,2023-05-02
Empresa Test 122 SA,30-60000122-4,contacto122@test.local,1140000122,Calle Ficticia 854 CABA,2023-05-03
Empresa Test 123 SA,30-60000123-1,contacto123@test.local,1140000123,Calle Ficticia 861 CABA,2023-05-04
Empresa Test 124 SA,30-60000124-8,contacto124@test.local,1140000124,Calle Ficticia 868 CABA,2023-05-05
Empresa Test 125 SA,30-60000125-5,contacto125@test.local,1140000125,Calle Ficticia 875 CABA,2023-05-06
Empresa Test 126 SA,30-60000126-2,contacto126@test.local,1140000126,Calle Ficticia 882 CABA,2023-05-07
Empresa Test 127 SA,30-60000127-9,contacto127@test.local,1140000127,Calle Ficticia 889 CABA,2023-05-08
Empresa Test 128 SA,30-60000128-6,contacto128@test.local,1140000128,Calle Ficticia 896 CABA,2023-05-09
Empresa Test 129 SA,30-60000129-3,contacto129@test.local,1140000129,Calle Ficticia 903 CABA,2023-05-10
Empresa Test 130 SA,30-60000130-0,contacto130@test.local,1140000130,Calle Ficticia 910 CABA,2023-05-11
Empresa Test 131 SA,30-60000131-7,contacto131@test.local,1140000131,Calle Ficticia 917 CABA,2023-05-12
Empresa Test 132 SA,30-60000132-4,contacto132@test.local,1140000132,Calle Ficticia 924 CABA,2023-05-13
Empresa Test 133 SA,30-60000133-1,contacto133@test.local,1140000133,Calle Ficticia 931 CABA,2023-05-14
Empresa Test 134 SA,30-60000134-8,contacto134@test.local,1140000134,Calle Ficticia 938 CABA,2023-05-15
Empresa Test 135 SA,30-60000135-5,contacto135@test.local,1140000135,Calle Ficticia 945 CABA,2023-05-16
Empresa Test 136 SA,30-60000136-2,contacto136@test.local,1140000136,Calle Ficticia 952 CABA,2023-05-17
Empresa Test 137 SA,30-60000137-9,contacto137@test.local,1140000137,Calle Ficticia 959 CABA,2023-05-18
Empresa Test 138 SA,30-60000138-6,contacto138@test.local,1140000138,Calle Ficticia 966 CABA,2023-05-19
Empresa Test 139 SA,30-60000139-3,contacto139@test.local,1140000139,Calle Ficticia 973 CABA,2023-05-20
Empresa Test 140 SA,30-60000140-0,contacto140@test.local,1140000140,Calle Ficticia 980 CABA,2023-05-21
Empresa Test 141 SA,30-60000141-7,contacto141@test.local,1140000141,Calle Ficticia 987 CABA,2023-05-22
Empresa Test 142 SA,30-60000142-4,contacto142@test.local,1140000142,Calle Ficticia 994 CABA,2023-05-23
Empresa Test 143 SA,30-60000143-1,contacto143@test.local,1140000143,Calle Ficticia 1001 CABA,2023-05-24
Empresa Test 144 SA,30-60000144-8,contacto144@test.local,1140000144,Calle Ficticia 1008 CABA,2023-05-25
Empresa Test 145 SA,30-60000145-5,contacto145@test.local,1140000145,Calle Ficticia 1015 CABA,2023-05-26
Empresa Test 146 SA,30-60000146-2,contacto146@test.local,1140000146,Calle Ficticia 1022 CABA,2023-05-27
Empresa Test 147 SA,30-60000147-9,contacto147@test.local,1140000147,Calle Ficticia 1029 CABA,2023-05-28
Empresa Test 148 SA,30-60000148-6,contacto148@test.local,1140000148,Calle Ficticia 1036 CABA,2023-05-29
Empresa Test 149 SA,30-60000149-3,contacto149@test.local,1140000149,Calle Ficticia 1043 CABA,2023-05-30
Empresa Test 150 SA,30-60000150-0,contacto150@test.local,1140000150,Calle Ficticia 1050 CABA,2023-05-31
Empresa Test 151 SA,30-60000151-7,contacto151@test.local,1140000151,Calle Ficticia 1057 CABA,2023-06-01
Empresa Test 152 SA,30-60000152-4,contacto152@test.local,1140000152,Calle Ficticia 1064 CABA,2023-06-02
Empresa Test 153 SA,30-60000153-1,contacto153@test.local,1140000153,Calle Ficticia 1071 CABA,2023-06-03
Empresa Test 154 SA,30-60000154-8,contacto154@test.local,1140000154,Calle Ficticia 1078 CABA,2023-06-04
Empresa Test 155 SA,30-60000155-5,contacto155@test.local,1140000155,Calle Ficticia 1085 CABA,2023-06-05
Empresa Test 156 SA,30-60000156-2,contacto156@test.local,1140000156,Calle Ficticia 1092 CABA,2023-06-06
Empresa Test 157 SA,30-60000157-9,contacto157@test.local,1140000157,Calle Ficticia 1099 CABA,2023-06-07
Empresa Test 158 SA,30-60000158-6,contacto158@test.local,1140000158,Calle Ficticia 1106 CABA,2023-06-08
Empresa Test 159 SA,30-60000159-3,contacto159@test.local,1140000159,Calle Ficticia 1113 CABA,2023-06-09
Empresa Test 160 SA,30-60000160-0,contacto160@test.local,1140000160,Calle Ficticia 1120 CABA,2023-06-10
Empresa Test 161 SA,30-60000161-7,contacto161@test.local,1140000161,Calle Ficticia 1127 CABA,2023-06-11
Empresa Test 162 SA,30-60000162-4,contacto162@test.local,1140000162,Calle Ficticia 1134 CABA,2023-06-12
Empresa Test 163 SA,30-60000163-1,contacto163@test.local,1140000163,Calle Ficticia 1141 CABA,2023-06-13
Empresa Test 164 SA,30-60000164-8,contacto164@test.local,1140000164,Calle Ficticia 1148 CABA,2023-06-14
Empresa Test 165 SA,30-60000165-5,contacto165@test.local,1140000165,Calle Ficticia 1155 CABA,2023-06-15
Empresa Test 166 SA,30-60000166-2,contacto166@test.local,1140000166,Calle Ficticia 1162 CABA,2023-06-16
Empresa Test 167 SA,30-60000167-9,contacto167@test.local,1140000167,Calle Ficticia 1169 CABA,2023-06-17
Empresa Test 168 SA,30-60000168-6,contacto168@test.local,1140000168,Calle Ficticia 1176 CABA,2023-06-18
Empresa Test 169 SA,30-60000169-3,contacto169@test.local,1140000169,Calle Ficticia 1183 CABA,2023-06-19
Empresa Test 170 SA,30-60000170-0,contacto170@test.local,1140000170,Calle Ficticia 1190 CABA,2023-06-20
Empresa Test 171 SA,30-60000171-7,contacto171@test.local,1140000171,Calle Ficticia 1197 CABA,2023-06-21
Empresa Test 172 SA,30-60000172-4,contacto172@test.local,1140000172,Calle Ficticia 1204 CABA,2023-06-22
Empresa Test 173 SA,30-60000173-1,contacto173@test.local,1140000173,Calle Ficticia 1211 CABA,2023-06-23
Empresa Test 174 SA,30-60000174-8,contacto174@test.local,1140000174,Calle Ficticia 1218 CABA,2023-06-24
Empresa Test 175 SA,30-60000175-5,contacto175@test.local,1140000175,Calle Ficticia 1225 CABA,2023-06-25
Empresa Test 176 SA,30-60000176-2,contacto176@test.local,1140000176,Calle Ficticia 1232 CABA,2023-06-26
Empresa Test 177 SA,30-60000177-9,contacto177@test.local,1140000177,Calle Ficticia 1239 CABA,2023-06-27
Empresa Test 178 SA,30-60000178-6,contacto178@test.local,1140000178,Calle Ficticia 1246 CABA,2023-06-28
Empresa Test 179 SA,30-60000179-3,contacto179@test.local,1140000179,Calle Ficticia 1253 CABA,2023-06-29
Empresa Test 180 SA,30-60000180-0,contacto180@test.local,1140000180,Calle Ficticia 1260 CABA,2023-06-30
Empresa Test 181 SA,30-60000181-7,contacto181@test.local,1140000181,Calle Ficticia 1267 CABA,2023-07-01
Empresa Test 182 SA,30-60000182-4,contacto182@test.local,1140000182,Calle Ficticia 1274 CABA,2023-07-02
Empresa Test 183 SA,30-60000183-1,contacto183@test.local,1140000183,Calle Ficticia 1281 CABA,2023-07-03
Empresa Test 184 SA,30-60000184-8,contacto184@test.local,1140000184,Calle Ficticia 1288 CABA,2023-07-04
Empresa Test 185 SA,30-60000185-5,contacto185@test.local,1140000185,Calle Ficticia 1295 CABA,2023-07-05
Empresa Test 186 SA,30-60000186-2,contacto186@test.local,1140000186,Calle Ficticia 1302 CABA,2023-07-06
Empresa Test 187 SA,30-60000187-9,contacto187@test.local,1140000187,Calle Ficticia 1309 CABA,2023-07-07
Empresa Test 188 SA,30-60000188-6,contacto188@test.local,1140000188,Calle Ficticia 1316 CABA,2023-07-08
Empresa Test 189 SA,30-60000189-3,contacto189@test.local,1140000189,Calle Ficticia 1323 CABA,2023-07-09
Empresa Test 190 SA,30-60000190-0,contacto190@test.local,1140000190,Calle Ficticia 1330 CABA,2023-07-10
Empresa Test 191 SA,30-60000191-7,contacto191@test.local,1140000191,Calle Ficticia 1337 CABA,2023-07-11
Empresa Test 192 SA,30-60000192-4,contacto192@test.local,1140000192,Calle Ficticia 1344 CABA,2023-07-12
Empresa Test 193 SA,30-60000193-1,contacto193@test.local,1140000193,Calle Ficticia 1351 CABA,2023-07-13
Empresa Test 194 SA,30-60000194-8,contacto194@test.local,1140000194,Calle Ficticia 1358 CABA,2023-07-14
Empresa Test 195 SA,30-60000195-5,contacto195@test.local,1140000195,Calle Ficticia 1365 CABA,2023-07-15
Empresa Test 196 SA,30-60000196-2,contacto196@test.local,1140000196,Calle Ficticia 1372 CABA,2023-07-16
Empresa Test 197 SA,30-60000197-9,contacto197@test.local,1140000197,Calle Ficticia 1379 CABA,2023-07-17
Empresa Test 198 SA,30-60000198-6,contacto198@test.local,1140000198,Calle Ficticia 1386 CABA,2023-07-18
Empresa Test 199 SA,30-60000199-3,contacto199@test.local,1140000199,Calle Ficticia 1393 CABA,2023-07-19
Empresa Test 200 SA,30-60000200-0,contacto200@test.local,1140000200,Calle Ficticia 1400 CABA,2023-07-20
Empresa Test 201 SA,30-60000201-7,contacto201@test.local,1140000201,Calle Ficticia 1407 CABA,2023-07-21
Empresa Test 202 SA,30-60000202-4,contacto202@test.local,1140000202,Calle Ficticia 1414 CABA,2023-07-22
Empresa Test 203 SA,30-60000203-1,contacto203@test.local,1140000203,Calle Ficticia 1421 CABA,2023-07-23
Empresa Test 204 SA,30-60000204-8,contacto204@test.local,1140000204,Calle Ficticia 1428 CABA,2023-07-24
Empresa Test 205 SA,30-60000205-5,contacto205@test.local,1140000205,Calle Ficticia 1435 CABA,2023-07-25
Empresa Test 206 SA,30-60000206-2,contacto206@test.local,1140000206,Calle Ficticia 1442 CABA,2023-07-26
Empresa Test 207 SA,30-60000207-9,contacto207@test.local,1140000207,Calle Ficticia 1449 CABA,2023-07-27
Empresa Test 208 SA,30-60000208-6,contacto208@test.local,1140000208,Calle Ficticia 1456 CABA,2023-07-28
Empresa Test 209 SA,30-60000209-3,contacto209@test.local,1140000209,Calle Ficticia 1463 CABA,2023-07-29
Empresa Test 210 SA,30-60000210-0,contacto210@test.local,1140000210,Calle Ficticia 1470 CABA,2023-07-30
Empresa Test 211 SA,30-60000211-7,contacto211@test.local,1140000211,Calle Ficticia 1477 CABA,2023-07-31
Empresa Test 212 SA,30-60000212-4,contacto212@test.local,1140000212,Calle Ficticia 1484 CABA,2023-08-01
Empresa Test 213 SA,30-60000213-1,contacto213@test.local,1140000213,Calle Ficticia 1491 CABA,2023-08-02
Empresa Test 214 SA,30-60000214-8,contacto214@test.local,1140000214,Calle Ficticia 1498 CABA,2023-08-03
Empresa Test 215 SA,30-60000215-5,contacto215@test.local,1140000215,Calle Ficticia 1505 CABA,2023-08-04
Empresa Test 216 SA,30-60000216-2,contacto216@test.local,1140000216,Calle Ficticia 1512 CABA,2023-08-05
Empresa Test 217 SA,30-60000217-9,contacto217@test.local,1140000217,Calle Ficticia 1519 CABA,2023-08-06
Empresa Test 218 SA,30-60000218-6,contacto218@test.local,1140000218,Calle Ficticia 1526 CABA,2023-08-07
Empresa Test 219 SA,30-60000219-3,contacto219@test.local,1140000219,Calle Ficticia 1533 CABA,2023-08-08
Empresa Test 220 SA,30-60000220-0,contacto220@test.local,1140000220,Calle Ficticia 1540 CABA,2023-08-09
Empresa Test 221 SA,30-60000221-7,contacto221@test.local,1140000221,Calle Ficticia 1547 CABA,2023-08-10
Empresa Test 222 SA,30-60000222-4,contacto222@test.local,1140000222,Calle Ficticia 1554 CABA,2023-08-11
Empresa Test 223 SA,30-60000223-1,contacto223@test.local,1140000223,Calle Ficticia 1561 CABA,2023-08-12
Empresa Test 224 SA,30-60000224-8,contacto224@test.local,1140000224,Calle Ficticia 1568 CABA,2023-08-13
Empresa Test 225 SA,30-60000225-5,contacto225@test.local,1140000225,Calle Ficticia 1575 CABA,2023-08-14
Empresa Test 226 SA,30-60000226-2,contacto226@test.local,1140000226,Calle Ficticia 1582 CABA,2023-08-15
Empresa Test 227 SA,30-60000227-9,contacto227@test.local,1140000227,Calle Ficticia 1589 CABA,2023-08-16
Empresa Test 228 SA,30-60000228-6,contacto228@test.local,1140000228,Calle Ficticia 1596 CABA,2023-08-17
Empresa Test 229 SA,30-60000229-3,contacto229@test.local,1140000229,Calle Ficticia 1603 CABA,2023-08-18
Empresa Test 230 SA,30-60000230-0,contacto230@test.local,1140000230,Calle Ficticia 1610 CABA,2023-08-19
Empresa Test 231 SA,30-60000231-7,contacto231@test.local,1140000231,Calle Ficticia 1617 CABA,2023-08-20
Empresa Test 232 SA,30-60000232-4,contacto232@test.local,1140000232,Calle Ficticia 1624 CABA,2023-08-21
Empresa Test 233 SA,30-60000233-1,contacto233@test.local,1140000233,Calle Ficticia 1631 CABA,2023-08-22
Empresa Test 234 SA,30-60000234-8,contacto234@test.local,1140000234,Calle Ficticia 1638 CABA,2023-08-23
Empresa Test 235 SA,30-60000235-5,contacto235@test.local,1140000235,Calle Ficticia 1645 CABA,2023-08-24
Empresa Test 236 SA,30-60000236-2,contacto236@test.local,1140000236,Calle Ficticia 1652 CABA,2023-08-25
Empresa Test 237 SA,30-60000237-9,contacto237@test.local,1140000237,Calle Ficticia 1659 CABA,2023-08-26
Empresa Test 238 SA,30-60000238-6,contacto238@test.local,1140000238,Calle Ficticia 1666 CABA,2023-08-27
Empresa Test 239 SA,30-60000239-3,contacto239@test.local,1140000239,Calle Ficticia 1673 CABA,2023-08-28
Empresa Test 240 SA,30-60000240-0,contacto240@test.local,1140000240,Calle Ficticia 1680 CABA,2023-08-29
Empresa Test 241 SA,30-60000241-7,contacto241@test.local,1140000241,Calle Ficticia 1687 CABA,2023-08-30
Empresa Test 242 SA,30-60000242-4,contacto242@test.local,1140000242,Calle Ficticia 1694 CABA,2023-08-31
Empresa Test 243 SA,30-60000243-1,contacto243@test.local,1140000243,Calle Ficticia 1701 CABA,2023-09-01
Empresa Test 244 SA,30-60000244-8,contacto244@test.local,1140000244,Calle Ficticia 1708 CABA,2023-09-02
Empresa Test 245 SA,30-60000245-5,contacto245@test.local,1140000245,Calle Ficticia 1715 CABA,2023-09-03
Empresa Test 246 SA,30-60000246-2,contacto246@test.local,1140000246,Calle Ficticia 1722 CABA,2023-09-04
Empresa Test 247 SA,30-60000247-9,contacto247@test.local,1140000247,Calle Ficticia 1729 CABA,2023-09-05
Empresa Test 248 SA,30-60000248-6,contacto248@test.local,1140000248,Calle Ficticia 1736 CABA,2023-09-06
Empresa Test 249 SA,30-60000249-3,contacto249@test.local,1140000249,Calle Ficticia 1743 CABA,2023-09-07
Empresa Test 250 SA,30-60000250-0,contacto250@test.local,1140000250,Calle Ficticia 1750 CABA,2023-09-08
Empresa Test 251 SA,30-60000251-7,contacto251@test.local,1140000251,Calle Ficticia 1757 CABA,2023-09-09
Empresa Test 252 SA,30-60000252-4,contacto252@test.local,1140000252,Calle Ficticia 1764 CABA,2023-09-10
Empresa Test 253 SA,30-60000253-1,contacto253@test.local,1140000253,Calle Ficticia 1771 CABA,2023-09-11
Empresa Test 254 SA,30-60000254-8,contacto254@test.local,1140000254,Calle Ficticia 1778 CABA,2023-09-12
Empresa Test 255 SA,30-60000255-5,contacto255@test.local,1140000255,Calle Ficticia 1785 CABA,2023-09-13
Empresa Test 256 SA,30-60000256-2,contacto256@test.local,1140000256,Calle Ficticia 1792 CABA,2023-09-14
Empresa Test 257 SA,30-60000257-9,contacto257@test.local,1140000257,Calle Ficticia 1799 CABA,2023-09-15
Empresa Test 258 SA,30-60000258-6,contacto258@test.local,1140000258,Calle Ficticia 1806 CABA,2023-09-16
Empresa Test 259 SA,30-60000259-3,contacto259@test.local,1140000259,Calle Ficticia 1813 CABA,2023-09-17
Empresa Test 260 SA,30-60000260-0,contacto260@test.local,1140000260,Calle Ficticia 1820 CABA,2023-09-18
Empresa Test 261 SA,30-60000261-7,contacto261@test.local,1140000261,Calle Ficticia 1827 CABA,2023-09-19
Empresa Test 262 SA,30-60000262-4,contacto262@test.local,1140000262,Calle Ficticia 1834 CABA,2023-09-20
Empresa Test 263 SA,30-60000263-1,contacto263@test.local,1140000263,Calle Ficticia 1841 CABA,2023-09-21
Empresa Test 264 SA,30-60000264-8,contacto264@test.local,1140000264,Calle Ficticia 1848 CABA,2023-09-22
Empresa Test 265 SA,30-60000265-5,contacto265@test.local,1140000265,Calle Ficticia 1855 CABA,2023-09-23
Empresa Test 266 SA,30-60000266-2,contacto266@test.local,1140000266,Calle Ficticia 1862 CABA,2023-09-24
Empresa Test 267 SA,30-60000267-9,contacto267@test.local,1140000267,Calle Ficticia 1869 CABA,2023-09-25
Empresa Test 268 SA,30-60000268-6,contacto268@test.local,1140000268,Calle Ficticia 1876 CABA,2023-09-26
Empresa Test 269 SA,30-60000269-3,contacto269@test.local,1140000269,Calle Ficticia 1883 CABA,2023-09-27
Empresa Test 270 SA,30-60000270-0,contacto270@test.local,1140000270,Calle Ficticia 1890 CABA,2023-09-28
Empresa Test 271 SA,30-60000271-7,contacto271@test.local,1140000271,Calle Ficticia 1897 CABA,2023-09-29
Empresa Test 272 SA,30-60000272-4,contacto272@test.local,1140000272,Calle Ficticia 1904 CABA,2023-09-30
Empresa Test 273 SA,30-60000273-1,contacto273@test.local,1140000273,Calle Ficticia 1911 CABA,2023-10-01
Empresa Test 274 SA,30-60000274-8,contacto274@test.local,1140000274,Calle Ficticia 1918 CABA,2023-10-02
Empresa Test 275 SA,30-60000275-5,contacto275@test.local,1140000275,Calle Ficticia 1925 CABA,2023-10-03
Empresa Test 276 SA,30-60000276-2,contacto276@test.local,1140000276,Calle Ficticia 1932 CABA,2023-10-04
Empresa Test 277 SA,30-60000277-9,contacto277@test.local,1140000277,Calle Ficticia 1939 CABA,2023-10-05
Empresa Test 278 SA,30-60000278-6,contacto278@test.local,1140000278,Calle Ficticia 1946 CABA,2023-10-06
Empresa Test 279 SA,30-60000279-3,contacto279@test.local,1140000279,Calle Ficticia 1953 CABA,2023-10-07
Empresa Test 280 SA,30-60000280-0,contacto280@test.local,1140000280,Calle Ficticia 1960 CABA,2023-10-08
Empresa Test 281 SA,30-60000281-7,contacto281@test.local,1140000281,Calle Ficticia 1967 CABA,2023-10-09
Empresa Test 282 SA,30-60000282-4,contacto282@test.local,1140000282,Calle Ficticia 1974 CABA,2023-10-10
Empresa Test 283 SA,30-60000283-1,contacto283@test.local,1140000283,Calle Ficticia 1981 CABA,2023-10-11
Empresa Test 284 SA,30-60000284-8,contacto284@test.local,1140000284,Calle Ficticia 1988 CABA,2023-10-12
Empresa Test 285 SA,30-60000285-5,contacto285@test.local,1140000285,Calle Ficticia 1995 CABA,2023-10-13
Empresa Test 286 SA,30-60000286-2,contacto286@test.local,1140000286,Calle Ficticia 2002 CABA,2023-10-14
Empresa Test 287 SA,30-60000287-9,contacto287@test.local,1140000287,Calle Ficticia 2009 CABA,2023-10-15
Empresa Test 288 SA,30-60000288-6,contacto288@test.local,1140000288,Calle Ficticia 2016 CABA,2023-10-16
Empresa Test 289 SA,30-60000289-3,contacto289@test.local,1140000289,Calle Ficticia 2023 CABA,2023-10-17
Empresa Test 290 SA,30-60000290-0,contacto290@test.local,1140000290,Calle Ficticia 2030 CABA,2023-10-18
Empresa Test 291 SA,30-60000291-7,contacto291@test.local,1140000291,Calle Ficticia 2037 CABA,2023-10-19
Empresa Test 292 SA,30-60000292-4,contacto292@test.local,1140000292,Calle Ficticia 2044 CABA,2023-10-20
Empresa Test 293 SA,30-60000293-1,contacto293@test.local,1140000293,Calle Ficticia 2051 CABA,2023-10-21
Empresa Test 294 SA,30-60000294-8,contacto294@test.local,1140000294,Calle Ficticia 2058 CABA,2023-10-22
Empresa Test 295 SA,30-60000295-5,contacto295@test.local,1140000295,Calle Ficticia 2065 CABA,2023-10-23
Empresa Test 296 SA,30-60000296-2,contacto296@test.local,1140000296,Calle Ficticia 2072 CABA,2023-10-24
Empresa Test 297 SA,30-60000297-9,contacto297@test.local,1140000297,Calle Ficticia 2079 CABA,2023-10-25
Empresa Test 298 SA,30-60000298-6,contacto298@test.local,1140000298,Calle Ficticia 2086 CABA,2023-10-26
Empresa Test 299 SA,30-60000299-3,contacto299@test.local,1140000299,Calle Ficticia 2093 CABA,2023-10-27
Empresa Test 300 SA,30-60000300-0,contacto300@test.local,1140000300,Calle Ficticia 2100 CABA,2023-10-28
